Year,Team,Left Corner 3 FGM,Left Corner 3 FGA,Left Corner 3 FG%,Right Corner 3 FGM,Right Corner 3 FGA,Right Corner 3 FG%,Above the Break 3 FGM,Above the Break 3 FGA,Above the Break 3 FG%
2025,Atlanta Hawks,1.8,4.5,40.6,2.5,6,41.6,9,26.7,33.7
2025,Boston Celtics,1.8,5,37,1.9,4.7,41.4,14.1,38.5,36.6
2025,Brooklyn Nets,1.7,5.2,33.1,2.1,5.7,35.9,9.7,28.2,34.4
2025,Charlotte Hornets,1.9,5.1,36,1.7,4.4,38,9.7,28.9,33.5
2025,Chicago Bulls,2.5,5.9,42.3,1.7,4.9,34.7,11.4,31.4,36.2
2025,Cleveland Cavaliers,2.3,5.6,41,1.9,4.9,39.8,11.6,30.7,37.7
2025,Dallas Mavericks,1.9,4.8,39,1.7,4.6,37.9,9.1,25.2,36.3
2025,Denver Nuggets,1.7,3.9,45.3,1.3,3.2,41.6,9,24.3,37.1
2025,Detroit Pistons,1.5,3.9,37.6,1.8,4.9,37.8,9.5,26.1,36.3
2025,Golden State Warriors,2,5.5,35.6,2.1,5,42,11.2,31.6,35.5
2025,Houston Rockets,1.3,3.5,37.4,1.6,4.3,37.1,9.6,27.7,34.5
2025,Indiana Pacers,1.8,4.3,41.1,2.1,4.9,41.8,9.4,26,36.1
2025,Los Angeles Clippers,1.5,4,38,1.7,4.2,41.3,9.2,25.5,36.1
2025,Los Angeles Lakers,1.8,5.1,35.8,1.7,3.8,44.6,9.5,27,35.2
2025,Memphis Grizzlies,2.1,5.8,37,1.6,4.2,37.2,10.1,27.2,37.1
2025,Miami Heat,2.5,6.2,40.4,1.9,5,37.4,9.3,26.1,35.8
2025,Milwaukee Bucks,2,4.6,44,2,4.6,43,10,27.4,36.5
2025,Minnesota Timberwolves,2.3,5.6,40.6,1.8,4.8,37.9,11,29.1,37.8
2025,New Orleans Pelicans,1.7,4.3,40.2,1.6,4.8,34.5,8.7,25.4,34.3
2025,New York Knicks,1.8,5.1,35.4,2,4.9,40,8.7,23.7,36.8
2025,Oklahoma City Thunder,1.9,4.9,38.7,1.6,3.9,41,11,29.9,36.8
2025,Orlando Magic,1.7,5.2,32.9,1.8,4.7,37.5,7.5,25,30.2
2025,Philadelphia 76ers,1.5,3.9,39.8,1.6,4.1,38,9.7,28.8,33.7
2025,Phoenix Suns,2.7,6.2,44.4,2.3,5.6,41,9.4,25.8,36.5
2025,Portland Trail Blazers,1.4,4.3,33.1,1.9,5.1,37.2,9.7,27.9,34.6
2025,Sacramento Kings,2.2,5.3,41.2,1.3,3.4,38.2,9.1,26.6,34.1
2025,San Antonio Spurs,1.9,5.1,38,2,5,40.6,10.1,29.3,34.5
2025,Toronto Raptors,1.9,5.1,36.6,1.9,5,39.1,7.7,23,33.7
2025,Utah Jazz,2.3,5.8,39.2,2.2,5.3,42.1,9.3,27.9,33.4
2025,Washington Wizards,1.4,3.8,35.6,1,3.2,32.8,10.8,31.9,33.7
2024,Atlanta Hawks,2.1,5.9,36,1.9,4.7,40.4,9.7,26.9,36
2024,Boston Celtics,1.9,4.6,42.1,2.1,4.7,43.9,12.5,33,37.7
2024,Brooklyn Nets,2.1,5,42.4,2,5,39.9,9.1,26.4,34.6
2024,Charlotte Hornets,1.5,4.4,34.7,1.3,3.5,37.9,9.2,25.9,35.6
2024,Chicago Bulls,1.8,4.7,39.3,1.7,4.5,37.7,7.9,22.7,34.9
2024,Cleveland Cavaliers,1.7,4.8,36,1.7,4.4,38.2,10.1,27.5,36.8
2024,Dallas Mavericks,2.1,5.9,34.7,2,5.3,38,10.5,28.1,37.4
2024,Denver Nuggets,1.5,4.3,36.1,1.4,3.5,41.3,8.7,23.2,37.6
2024,Detroit Pistons,1.4,4.4,31.4,1.9,4.6,40.7,7.8,22.5,34.7
2024,Golden State Warriors,1.3,3.7,36.1,1.3,3.1,41.7,12.1,31.9,38
2024,Houston Rockets,1.2,3.2,38,1.4,3.3,40.8,10.1,29.3,34.6
2024,Indiana Pacers,1.6,4,39.5,2,4.6,42.1,9.6,26.4,36.5
2024,Los Angeles Clippers,1.9,4.5,41.8,1.7,4.2,40.1,9,24.3,37.2
2024,Los Angeles Lakers,1.8,4.6,39.8,1.4,3.7,37.3,8.6,22.8,37.6
2024,Memphis Grizzlies,1.9,5.3,35.5,1.5,4.5,34.2,9.7,27.8,34.8
2024,Miami Heat,2.1,5.2,40.2,1.9,4.9,38.3,8.5,23.5,36.2
2024,Milwaukee Bucks,2,4.8,40.7,2.2,5.3,41.6,10,27.8,36
2024,Minnesota Timberwolves,2.1,5.1,40.8,1.8,4.4,40.9,8.7,22.9,38.1
2024,New Orleans Pelicans,1.7,4.1,42.9,2.1,5,42.4,8.6,23.4,37
2024,New York Knicks,2.1,5.4,39,2,4.8,42.5,9,25.5,35.5
2024,Oklahoma City Thunder,2.2,5.3,42.3,1.4,3.5,39.9,9.6,25.3,38.1
2024,Orlando Magic,1.7,4.6,37,1.4,4,36.4,7.9,22.6,34.9
2024,Philadelphia 76ers,1.5,3.8,38.7,1.5,3.7,40.7,9.1,25.7,35.4
2024,Phoenix Suns,1.9,4.5,42.4,1.5,3.8,38.4,9,24.2,37.4
2024,Portland Trail Blazers,1.6,4.4,36.4,1.5,4,36.9,8.4,24.6,34
2024,Sacramento Kings,2.2,5.7,38.8,1.6,4.3,38.2,10.5,29.2,36
2024,San Antonio Spurs,1.6,4.5,37,1.7,4.4,38.6,9.3,27.3,34
2024,Toronto Raptors,1.7,4.3,38.5,1.6,4.4,36.9,8.2,24.2,33.9
2024,Utah Jazz,2.2,5.3,41.8,1.9,5.2,36,8.8,25.8,34.3
2024,Washington Wizards,1.6,4.4,37.7,1.6,4,39.2,9.1,27,33.9
2023,Atlanta Hawks,1.7,4.7,36.1,1.4,3.8,37,7.7,22,34.9
2023,Boston Celtics,2,5,39.6,2,5,41.3,12,32.4,36.9
2023,Brooklyn Nets,1.7,4.4,39.6,1.6,4.1,39.4,9.4,25.2,37.3
2023,Charlotte Hornets,1.7,5,33.8,1.4,3.8,36.5,7.7,23.6,32.5
2023,Chicago Bulls,1.8,4.5,39.9,1.3,3.3,38.5,7.3,20.9,34.9
2023,Cleveland Cavaliers,1.4,3.9,36.3,1.5,4.2,37.2,8.6,23.4,36.9
2023,Dallas Mavericks,2.4,5.6,43.3,2.2,5.9,37,10.5,29.1,36.3
2023,Denver Nuggets,1.7,4.5,38,1.6,3.6,43.9,8.5,22.7,37.3
2023,Detroit Pistons,1.7,4.5,36.9,1.7,4.4,37.5,8,23.2,34.5
2023,Golden State Warriors,1.8,4.9,36.8,1.8,4.1,43,13,33.9,38.5
2023,Houston Rockets,1.2,3,38,0.9,2.6,33.8,8.4,26.1,32.1
2023,Indiana Pacers,1.6,4.4,36.6,1.8,4.5,40.2,10.1,27.9,36.3
2023,Los Angeles Clippers,1.7,4.8,36.5,1.7,3.9,44.4,9.2,24.5,37.7
2023,Los Angeles Lakers,1.4,4,34.5,1.5,3.9,38.4,7.9,23.1,34
2023,Memphis Grizzlies,2.1,5.3,38.7,1.2,3.6,34.9,8.7,25.1,34.6
2023,Miami Heat,1.8,5.1,36.2,1.7,4.5,37.8,8.4,25,33.5
2023,Milwaukee Bucks,1.8,4.8,36.9,1.9,4.9,38.1,11.2,30.5,36.8
2023,Minnesota Timberwolves,1.8,4.5,40.1,1.5,4,37.1,8.8,24.4,36
2023,New Orleans Pelicans,1.3,3.4,38.4,1.4,3.8,36.5,8.2,22.6,36.5
2023,New York Knicks,2.1,5.1,40.4,1.8,5.1,35.3,8.7,25.3,34.4
2023,Oklahoma City Thunder,1.7,4.4,38.8,1.2,2.9,41,9.2,26.6,34.7
2023,Orlando Magic,1.6,3.8,41.5,1.2,3,39.8,8,24.2,33
2023,Philadelphia 76ers,1.7,4.6,37.6,1.9,4.5,42.5,9,23.4,38.5
2023,Phoenix Suns,2.4,5.4,44.9,1.7,4.4,38.6,8.1,22.7,35.7
2023,Portland Trail Blazers,1.3,3.7,34.6,1.5,4.1,37.5,10.1,27.4,36.8
2023,Sacramento Kings,2,4.9,40.6,1.5,3.9,38.4,10.2,28.3,36.1
2023,San Antonio Spurs,1.5,3.9,38.5,1.2,3.3,35.7,8.4,24.7,34
2023,Toronto Raptors,1.7,4.5,37.5,1.5,4.4,35,7.5,22.8,32.7
2023,Utah Jazz,1.7,4.1,41.5,1.9,4.7,40.9,9.7,28.7,33.7
2023,Washington Wizards,1.7,4.2,41,1.2,3.1,38.5,8.3,24.2,34.3
2022,Atlanta Hawks,1.8,3.8,46.6,1.7,4.3,38.6,9.4,26.1,36.1
2022,Boston Celtics,1.7,4.7,35.1,1.9,4.3,44.9,9.6,28,34.5
2022,Brooklyn Nets,1.5,4,38.1,1.5,3.8,40.8,8.4,23.8,35.2
2022,Charlotte Hornets,2.4,6.2,38.3,1.8,5,36.1,9.7,26.6,36.5
2022,Chicago Bulls,1.7,4.3,39.1,1.7,3.9,43.8,7.2,20.3,35.5
2022,Cleveland Cavaliers,1.5,4.2,35.3,1.3,3.8,33.2,8.9,24.6,36
2022,Dallas Mavericks,2.1,5.3,39.1,1.9,4.8,39.8,9.1,27,33.6
2022,Denver Nuggets,2.2,5.3,41.3,1.5,4.5,34.5,8.9,25.9,34.6
2022,Detroit Pistons,2,5.6,35.9,1.5,4.2,36.1,7.8,24.6,31.6
2022,Golden State Warriors,1.8,5,35.8,1.2,3.9,31.9,11.2,30.1,37.4
2022,Houston Rockets,1.4,4.1,34.8,1,2.9,34.7,11,31.4,35.2
2022,Indiana Pacers,2.1,5.1,40.5,1.4,4.1,34.7,8.7,25.9,33.5
2022,Los Angeles Clippers,1.6,3.8,41.6,1.7,4,41.7,9.5,26.2,36.4
2022,Los Angeles Lakers,1.6,4.2,37.5,1.6,4.2,38.5,8.8,25.9,33.8
2022,Memphis Grizzlies,1.7,4.6,37.7,1.2,3.3,36.3,8.6,24.5,35.1
2022,Miami Heat,2.4,6,40.9,2.2,5.2,43,8.9,24.4,36.6
2022,Milwaukee Bucks,2,4.9,41.4,1.7,4.6,37,10.3,28.7,35.9
2022,Minnesota Timberwolves,2.3,5.5,41.5,1.6,4.2,37.5,10.9,31.2,34.8
2022,New Orleans Pelicans,1.7,4.3,39.3,1.2,3.7,33.7,7.6,23.7,32.2
2022,New York Knicks,1.9,4.8,40.3,1.3,3.6,36.9,9.9,28.3,34.8
2022,Oklahoma City Thunder,1.5,4.8,32.2,1.2,3.4,36.7,9.3,29.1,32
2022,Orlando Magic,2,4.8,40.7,1.2,3.3,35.1,9,28.5,31.8
2022,Philadelphia 76ers,1.5,3.8,39.9,1.7,4.5,38.3,8.3,23.1,35.8
2022,Phoenix Suns,1.5,3.9,36.8,2,4.8,40.7,8.2,23,35.5
2022,Portland Trail Blazers,1.5,4.1,36,1.5,3.9,38.7,9.7,28.5,33.9
2022,Sacramento Kings,1.5,4.2,35.6,1.4,3.4,41.7,8.5,25.4,33.4
2022,San Antonio Spurs,1.4,4.1,34.8,1.5,3.7,39.5,8.3,24,34.8
2022,Toronto Raptors,1.7,4.3,39.3,1.7,4.4,40.1,8.4,25.2,33.4
2022,Utah Jazz,1.6,4.6,35.8,2.3,5.8,39.4,10.5,29.7,35.5
2022,Washington Wizards,1.7,4.2,40.9,1.4,3.7,38,7.3,22.5,32.5
2021,Atlanta Hawks,1.4,3.3,43.6,1.5,4.2,36.1,9.5,25.8,36.8
2021,Boston Celtics,1.7,4.1,40.6,1.2,3.3,37.4,10.7,28.8,37.2
2021,Brooklyn Nets,1.5,3.5,42.4,1.9,4.7,39.8,10.8,27.8,38.9
2021,Charlotte Hornets,1.9,4.7,39.5,1.7,3.9,43.5,10.1,28.2,35.8
2021,Chicago Bulls,2.1,4.8,43.9,1.4,3.4,39.9,9.1,25.6,35.5
2021,Cleveland Cavaliers,1.3,3.7,35.7,1.2,3.1,38.1,7.5,22.8,32.7
2021,Dallas Mavericks,1.6,4.2,37.5,1.5,4.1,37.2,10.7,29.7,36.1
2021,Denver Nuggets,1.8,4.1,44.9,1.5,3.7,40.5,9.5,26.2,36.4
2021,Detroit Pistons,1.6,4.5,35.7,1.2,3.5,33.1,8.8,24.8,35.4
2021,Golden State Warriors,1.8,4.5,39.2,1.7,4.1,41.6,11,29.8,37
2021,Houston Rockets,2,5.2,37.9,1.5,4.7,32.7,10.3,30.6,33.6
2021,Indiana Pacers,1.6,3.9,41.7,1.4,3.5,40.9,9.3,26.4,35.1
2021,Los Angeles Clippers,2.5,5.2,47.7,2.3,5,45.5,9.5,24.3,39.1
2021,Los Angeles Lakers,1.5,4.4,34.3,1.4,3.7,39,8.1,22.9,35.2
2021,Memphis Grizzlies,2,5.1,40.3,1.2,3.4,35,7.9,22.8,34.7
2021,Miami Heat,1.6,4.5,35.8,1.6,4.7,34.9,9.7,26.8,36.2
2021,Milwaukee Bucks,1.7,3.8,43.8,1.7,4.4,38.2,11.1,28.8,38.6
2021,Minnesota Timberwolves,1.8,4.9,37.4,1.2,3.4,35.2,10,29,34.4
2021,New Orleans Pelicans,1.3,3.7,36.4,1.4,4,34.7,7.8,22.5,34.7
2021,New York Knicks,1.8,4.4,41.3,2,4.5,44.4,7.9,21,37.7
2021,Oklahoma City Thunder,1.6,4.2,37.5,1.1,3,36.3,9.2,27.6,33.3
2021,Orlando Magic,1.2,3.2,37.3,0.7,2,32.9,9.1,26.4,34.3
2021,Philadelphia 76ers,1.3,3.8,35.3,2.1,4.5,46.6,7.8,21.7,36.1
2021,Phoenix Suns,2.1,4.8,43.7,2.1,4.8,43.6,8.9,24.8,35.7
2021,Portland Trail Blazers,1.4,3.2,45,1.3,3.9,34.6,12.9,33.6,38.5
2021,Sacramento Kings,1.8,4.1,43.3,1.4,3.4,41.5,8.9,25.6,34.9
2021,San Antonio Spurs,1.2,3.3,35.9,1.1,2.8,38.2,7.7,22.3,34.6
2021,Toronto Raptors,1.8,4.8,37.3,1.8,4.5,39,10.9,29.8,36.5
2021,Utah Jazz,2.3,5.8,39.9,2.5,6.1,40.2,12,31,38.7
2021,Washington Wizards,1.4,4,36.1,1.1,3.2,35.8,7.6,21.7,35.1
2020,Atlanta Hawks,1.3,3.7,36.7,1.3,4.1,31.3,9.4,28.1,33.4
2020,Boston Celtics,1.6,3.7,42.1,1,3,34,10,27.6,36.3
2020,Brooklyn Nets,1.6,4.3,38.6,1.6,4.4,36.5,9.8,29.2,33.5
2020,Charlotte Hornets,1.6,3.9,40.6,1.3,3.4,37.1,9.2,26.8,34.4
2020,Chicago Bulls,2,5.1,38.8,1.2,3.1,37.7,9,26.7,33.8
2020,Cleveland Cavaliers,1.4,3.5,39.4,1.2,3,41,8.6,25.2,34.1
2020,Dallas Mavericks,1.6,4,38.9,2.1,4.9,42,11.5,32,36
2020,Denver Nuggets,1.5,3.7,41,1.3,3.2,39.8,8.2,23.4,34.9
2020,Detroit Pistons,2.1,4.7,44.2,2,4.9,39.8,7.9,22.8,34.7
2020,Golden State Warriors,1.3,3.2,41.1,1.1,2.9,37.6,8,25,32.1
2020,Houston Rockets,2.2,5.4,40.3,2.3,6.2,36.5,11.2,33.5,33.4
2020,Indiana Pacers,1.4,3.8,36.7,1.2,2.9,43.3,7.5,21.2,35.5
2020,Los Angeles Clippers,1.8,4.4,40.6,1.8,4.5,39.3,8.8,24.3,36.3
2020,Los Angeles Lakers,1.9,4.4,44.5,1.6,4.3,36.4,7.5,22.7,33
2020,Memphis Grizzlies,1.3,3.5,38.7,1.3,3.6,36.5,8.3,24.2,34.1
2020,Miami Heat,1.8,4.2,41.9,1.5,4.5,34.5,10.1,26.4,38.2
2020,Milwaukee Bucks,1.7,4.2,39.9,1.5,4.2,37.3,10.5,30.4,34.7
2020,Minnesota Timberwolves,1.3,3.9,33.7,1.1,3.3,33.2,10.9,32.3,33.8
2020,New Orleans Pelicans,1.8,4.7,37.4,1.9,4.4,43.4,9.9,27.4,36.2
2020,New York Knicks,1.3,3.6,35.3,1,2.7,38.3,7.2,22,33
2020,Oklahoma City Thunder,1.2,3.4,35.7,1,2.8,33.7,8.5,23.6,36.1
2020,Orlando Magic,1.4,3.2,42.2,0.6,1.8,32.5,9.1,26.9,33.9
2020,Philadelphia 76ers,1.5,3.5,42.5,1.2,3.1,38.8,8.9,24.9,36
2020,Phoenix Suns,1.4,3.9,36.7,1.5,4,38.1,8.4,23.7,35.5
2020,Portland Trail Blazers,1.3,3.1,42.9,1.5,3.6,41.2,10.1,27.3,36.9
2020,Sacramento Kings,1.7,4.2,40.5,1.5,3.8,37.9,9.6,26.8,35.7
2020,San Antonio Spurs,1.4,3.5,39.2,1.2,2.8,42.3,8.2,22.1,37.1
2020,Toronto Raptors,1.7,4.4,38.8,1.5,4.1,37.8,10.5,28.2,37.4
2020,Utah Jazz,1.8,4.6,39.3,2.2,5.2,42.6,9.3,25.2,37.1
2020,Washington Wizards,1.3,3.1,43,0.9,2.7,34.5,9.7,26.5,36.7
2019,Atlanta Hawks,1.7,4.5,37.3,2.2,5.4,40.6,9.1,26.9,34
2019,Boston Celtics,1.5,3.6,41.8,1.1,3.8,28.2,10,27,37.1
2019,Brooklyn Nets,1.3,3.5,38.5,1.3,3.7,35.9,10,28.7,34.9
2019,Charlotte Hornets,1.4,3.8,36.7,1.4,3.2,45.4,9.1,26.5,34.2
2019,Chicago Bulls,1.4,3.5,38.9,1,2.5,41.8,6.7,19.7,33.9
2019,Cleveland Cavaliers,1.5,3.7,39.9,0.9,2.8,32,8,22.6,35.4
2019,Dallas Mavericks,1.4,3.6,39.5,1.5,3.9,37.5,9.6,28.8,33.3
2019,Denver Nuggets,1.4,3.5,38.5,1.2,2.8,41.1,8.4,24.7,34.1
2019,Detroit Pistons,1.9,5,38.3,1.6,4.3,37.8,8.6,25.2,34.1
2019,Golden State Warriors,1.6,3.8,43,1.4,3.3,42,10.2,27.1,37.7
2019,Houston Rockets,1.7,4.7,37,2.5,6.7,36.8,11.9,33.8,35.2
2019,Indiana Pacers,1.5,3.5,43.4,1.1,2.7,42.2,6.8,19.1,35.9
2019,Los Angeles Clippers,1.3,3.3,39.8,1.1,2.5,43.2,7.6,19.8,38.5
2019,Los Angeles Lakers,1.2,3.5,34,1.2,3.4,35.6,7.9,23.9,33.1
2019,Memphis Grizzlies,1.4,3.7,37.2,1.2,3.4,34.5,7.4,21.7,33.9
2019,Miami Heat,2.1,4.9,42,1.3,3.9,32.2,8,23.3,34.2
2019,Milwaukee Bucks,1.4,3.8,37.2,1.5,4,39.1,10.5,30.4,34.7
2019,Minnesota Timberwolves,1.3,3.4,38.9,1.2,3.2,37.7,7.5,21.9,34.3
2019,New Orleans Pelicans,1.3,3.3,38,1,3.1,31.9,7.9,23.1,34.2
2019,New York Knicks,0.9,2.5,33.8,1,2.8,35.1,8.2,24,34
2019,Oklahoma City Thunder,1.4,4.1,34.9,1.9,4.7,39.9,8,23.5,34.1
2019,Orlando Magic,1.5,4.1,36.9,1,2.4,40.1,9,25.3,35.3
2019,Philadelphia 76ers,1,2.3,41.2,1.2,3.5,35.4,8.7,24.3,35.7
2019,Phoenix Suns,1.2,3.6,34.1,1.2,3.6,32.4,7.2,21.9,33
2019,Portland Trail Blazers,1,2.6,38.9,0.8,2.4,33.2,9.2,25.6,36
2019,Sacramento Kings,1.4,3.4,40.1,1.2,3,38.9,8.8,23.4,37.5
2019,San Antonio Spurs,1.1,2.5,45.1,1.2,2.7,46.2,7.5,19.9,37.9
2019,Toronto Raptors,2.1,5,42.4,2,4.7,42.8,8.3,23.9,34.5
2019,Utah Jazz,2,5.2,39.6,1.8,5,36,8.2,23.6,34.9
2019,Washington Wizards,1.2,3.7,32,1.6,4,40.7,8.5,25.5,33.5
2018,Atlanta Hawks,1.7,4.3,39.6,1.7,3.7,46.1,7.7,22.6,34.1
2018,Boston Celtics,1.5,3.4,42.7,1.3,3.4,39.6,8.6,23.4,37
2018,Brooklyn Nets,1.4,4,36.3,1.4,3.7,37.5,9.9,27.8,35.5
2018,Charlotte Hornets,0.8,2.4,35.6,0.8,2.1,37.4,8.4,22.5,37.4
2018,Chicago Bulls,1.2,3.1,37.9,1.1,2.9,37.1,8.8,24.9,35.4
2018,Cleveland Cavaliers,1.8,4.4,41.2,1.7,4.2,41.2,8.4,23.4,36
2018,Dallas Mavericks,1.3,3.2,39.2,1.1,2.5,45.6,9.4,26.8,35
2018,Denver Nuggets,1.1,2.8,39.4,1.2,2.7,45.5,9.1,25.1,36.4
2018,Detroit Pistons,1.2,3.2,37.6,1.5,3.7,41,8.1,21.8,37.1
2018,Golden State Warriors,1.1,2.7,39.2,0.9,2.1,41.1,9.3,23.7,39.4
2018,Houston Rockets,1.9,4.7,40.5,2,5.3,38.8,11.3,32.1,35.3
2018,Indiana Pacers,1.1,3,37.6,1.3,2.7,48.1,6.6,18.6,35.6
2018,Los Angeles Clippers,1.2,3.5,33.4,0.9,2.7,35.2,7.4,20.5,36
2018,Los Angeles Lakers,1,2.7,38.3,1,2.4,40.4,8,23.8,33.7
2018,Memphis Grizzlies,1,2.8,34.3,0.9,2.4,36,7.4,20.7,35.7
2018,Miami Heat,1.3,3.7,36.3,1.8,4.5,40.4,7.9,22.2,35.5
2018,Milwaukee Bucks,1.2,3,39.3,1.5,3.7,41.7,6,17.8,33.8
2018,Minnesota Timberwolves,1.3,3.4,38.4,0.8,2,41.8,5.9,16.9,34.7
2018,New Orleans Pelicans,1.5,3.7,39.3,1.4,3.4,40.2,7.4,21,35.3
2018,New York Knicks,1.3,2.9,43.1,0.7,1.9,36.8,6.3,18.3,34.2
2018,Oklahoma City Thunder,1.3,3.5,37.1,1.5,4,37.3,7.9,22.6,35
2018,Orlando Magic,1.3,3.4,38.1,0.7,2.1,33.5,8.3,23.6,35
2018,Philadelphia 76ers,0.8,2.2,34.4,1.1,2.6,43.6,9.1,24.8,36.7
2018,Phoenix Suns,1.3,3.3,38.7,0.9,2.8,33,7.1,21.5,32.9
2018,Portland Trail Blazers,1,2.7,37.4,1,2.5,39.6,8.3,22.9,36.3
2018,Sacramento Kings,1.1,3,38.1,1,2.2,45.3,6.8,18.4,37.1
2018,San Antonio Spurs,1.2,3,39.7,1.2,2.8,40.8,6.1,18.1,33.9
2018,Toronto Raptors,1.8,4.8,36.6,1.5,3.6,42.8,8.5,24.3,34.9
2018,Utah Jazz,1.9,4.5,41.5,1.7,4,42,7.3,20.9,34.8
2018,Washington Wizards,0.9,2.6,35,1.1,2.7,41,7.9,20.9,37.7
2017,Atlanta Hawks,1,2.9,34.7,1.4,3.3,41.4,6.5,19.6,33.1
2017,Boston Celtics,1.4,3.6,38.8,1.6,3.9,42.1,8.9,25.6,34.9
2017,Brooklyn Nets,1.2,3.7,34,1.4,3.3,41.6,8,24.3,33.1
2017,Charlotte Hornets,0.8,2.2,36.4,0.7,1.7,38.7,8.5,24.4,35
2017,Chicago Bulls,1.6,3.5,44.8,1.1,3.1,36.1,4.9,15.6,31.5
2017,Cleveland Cavaliers,2.3,5.4,43.7,1.9,4.9,39.3,8.7,23.4,37.1
2017,Dallas Mavericks,1.1,3,37.6,1.2,3.2,36.6,8.4,23.8,35.4
2017,Denver Nuggets,1.2,3.3,35.3,1,2.4,41.5,8.5,22.9,37
2017,Detroit Pistons,1,2.5,39.3,0.8,2.3,36.6,5.9,18.2,32.2
2017,Golden State Warriors,1.4,3.1,43,1.4,3.5,39.4,9.2,24.2,38.1
2017,Houston Rockets,1.4,3.8,37.6,1.8,4.5,39.5,11.1,31.7,35.1
2017,Indiana Pacers,1.4,3.6,39,1.1,2.6,42.5,6,16.4,36.6
2017,Los Angeles Clippers,1.3,3,43.5,1.1,2.9,39.1,7.7,20.9,36.8
2017,Los Angeles Lakers,1.2,3.1,37.5,1.1,2.9,37.3,6.6,19.3,34
2017,Memphis Grizzlies,1.1,2.7,42.2,1,2.6,38.8,7.2,20.8,34.7
2017,Miami Heat,1.7,4.1,42.4,1.6,4.2,38.2,6.5,18.4,35.2
2017,Milwaukee Bucks,1.2,3.3,36.2,1.5,3.6,41.1,6,16.5,36.5
2017,Minnesota Timberwolves,1.3,3.3,38.5,1,2.4,39.2,5.1,15.1,33.7
2017,New Orleans Pelicans,1.3,3.3,39,1,2.7,36.2,7.1,20.5,34.4
2017,New York Knicks,1.3,3.1,41.7,1.2,2.7,43,6.1,18.5,33
2017,Oklahoma City Thunder,1.1,3.1,36.4,1.2,3.6,33.2,6.1,18.9,32.2
2017,Orlando Magic,0.8,2.7,28.9,0.7,2.3,31.4,7,20.8,33.9
2017,Philadelphia 76ers,1.2,2.7,43.6,0.9,2.3,37.1,8,24.6,32.8
2017,Phoenix Suns,1.1,3.3,32.8,1,3,32.4,5.5,16.1,33.9
2017,Portland Trail Blazers,1,2.8,34.5,1.2,2.9,40.6,8.2,21.8,37.8
2017,Sacramento Kings,1.2,3,39.3,1.3,2.9,43.5,6.5,17.8,36.6
2017,San Antonio Spurs,1.4,3.2,44.8,1.4,3.4,41.3,6.4,16.7,37.9
2017,Toronto Raptors,1.4,3.9,36.1,1.2,3,40.5,6.2,17.3,36
2017,Utah Jazz,1.5,3.8,38.4,1.4,3.6,38.2,6.8,18.3,37
2017,Washington Wizards,1,3.1,33.7,1.2,3.4,35.9,6.9,18.1,38.3
2016,Atlanta Hawks,1.2,3.3,35.1,1.4,3.7,37.5,7.4,21.2,34.8
2016,Boston Celtics,1.2,3.1,37.8,1,3.1,32.2,6.6,19.7,33.3
2016,Brooklyn Nets,1.1,3,37.3,1.1,2.8,40.4,4.2,12.5,34
2016,Charlotte Hornets,1.2,2.8,41.8,1,2.4,40.4,8.5,24.1,35.3
2016,Chicago Bulls,0.9,2.6,35.3,1.1,2.3,45.2,6,16.3,36.6
2016,Cleveland Cavaliers,1.5,3.8,39,1.7,4.3,39.8,7.5,21.4,35.1
2016,Dallas Mavericks,1.4,3.8,35.7,1.1,2.5,43.4,7.4,22,33.4
2016,Denver Nuggets,1.1,3,36,0.7,2.2,31.9,6.2,18.3,33.8
2016,Detroit Pistons,1.1,3.4,32.9,1.4,3.5,40.5,6.5,18.8,34.3
2016,Golden State Warriors,1.5,3.8,40.7,1.5,3.7,41.9,10,23.9,41.9
2016,Houston Rockets,1.6,4.3,38.1,1.8,5.4,33.7,7.2,20.8,34.7
2016,Indiana Pacers,1.5,3.8,38.1,1.1,2.8,41.3,5.4,16.1,33.5
2016,Los Angeles Clippers,1.4,3.4,40.4,1.3,3,43.5,6.9,19.7,34.9
2016,Los Angeles Lakers,0.9,2.7,32.4,0.7,2.2,32,6.2,19.3,31.9
2016,Memphis Grizzlies,0.9,2.7,34.4,0.7,2.5,29.7,4.4,13.1,33.9
2016,Miami Heat,1.1,3.4,31.9,1.4,3.5,39.4,3.6,10.9,32.7
2016,Milwaukee Bucks,0.8,2.4,35.2,0.8,2.2,35.3,3.7,10.6,34.8
2016,Minnesota Timberwolves,0.8,2.1,38.3,0.5,1.4,38.2,4.2,12.8,32.8
2016,New Orleans Pelicans,1,2.9,33.8,0.9,2.8,32.3,6.7,18,37.1
2016,New York Knicks,1.2,2.9,43.2,0.9,2.3,37.8,5.3,16.2,33
2016,Oklahoma City Thunder,1.3,3.6,36.2,1.2,3.5,35.1,5.7,16.5,34.7
2016,Orlando Magic,1.1,3,35.4,1,2.5,38.3,5.7,16.4,35
2016,Philadelphia 76ers,1.3,3.3,38,1.2,3.3,36.1,6.8,20.6,33.1
2016,Phoenix Suns,1,3,34.1,1.2,3,38.5,6.8,19.6,34.7
2016,Portland Trail Blazers,1.6,3.9,41.8,1.1,3.2,36.2,7.8,21.3,36.6
2016,Sacramento Kings,1.1,2.3,47.1,1.2,3,38.1,5.8,16.9,34.4
2016,San Antonio Spurs,0.9,2.6,36,1.1,2.8,39.7,4.9,12.9,37.8
2016,Toronto Raptors,1.6,4.1,39.1,1.3,2.9,43.3,5.8,16.1,35.8
2016,Utah Jazz,1.6,3.8,41.6,1.5,4,37.9,5.4,15.9,34
2016,Washington Wizards,1,3.1,33.2,1.4,3.2,43.1,6.2,17.7,35.3
2015,Atlanta Hawks,1.4,3.4,41.8,1.7,4,42.3,6.9,18.9,36.5
2015,Boston Celtics,1.1,2.8,39.7,0.9,2.5,34.3,6.1,19.2,31.8
2015,Brooklyn Nets,1.3,3.1,40.5,0.9,2.6,35.6,4.4,13.9,31.7
2015,Charlotte Hornets,0.7,1.6,41.5,0.7,1.9,36.7,4.7,15.5,30.6
2015,Chicago Bulls,1,2.8,37.1,1,2.3,42.6,5.9,17.1,34.5
2015,Cleveland Cavaliers,1.5,4.2,36.3,1.5,3.9,37.2,7.1,19.3,36.6
2015,Dallas Mavericks,1.3,3.2,40.3,1.1,2.8,38.3,6.6,19.3,34
2015,Denver Nuggets,1,3.2,32.3,1,2.9,35.6,6,18.5,32.5
2015,Detroit Pistons,1.2,3,40.2,1.3,3.3,38.3,6.1,18.4,33.2
2015,Golden State Warriors,1.3,3.1,40.8,1.6,3.2,49.6,8,20.6,38.7
2015,Houston Rockets,1.9,5,37.7,2.4,5.9,40.4,7.1,21.5,32.9
2015,Indiana Pacers,1.2,3.1,38.7,1,2.7,37.9,5.3,15.3,34.5
2015,Los Angeles Clippers,1.4,3.9,37.5,1.5,3.5,42,7.2,19.4,37
2015,Los Angeles Lakers,0.7,1.7,39.9,0.7,1.8,39.2,5.1,15.2,33.4
2015,Memphis Grizzlies,0.8,2.1,38.5,0.8,2,37.3,3.6,10.9,33
2015,Miami Heat,1,3.2,32.7,1.4,3.4,41.7,4.3,13.4,32.1
2015,Milwaukee Bucks,1.2,3.3,37.2,1.2,2.7,43.3,4.2,12.2,34.7
2015,Minnesota Timberwolves,0.8,2.1,36,0.5,1.3,37.1,3.7,11.4,32.6
2015,New Orleans Pelicans,1,2.3,45,0.9,2.5,37.6,5.2,14.3,36.1
2015,New York Knicks,0.7,2.1,33.5,0.7,1.7,37.9,5.5,15.7,34.9
2015,Oklahoma City Thunder,1.1,3,38.3,1,2.8,37.3,5.5,16.9,32.9
2015,Orlando Magic,0.9,2.7,33.9,1.1,2.6,40.3,4.8,14.1,34.1
2015,Philadelphia 76ers,1,2.8,34.1,0.7,2.2,34.3,6.7,21.1,31.9
2015,Phoenix Suns,1.2,3.6,34.5,1.5,4,37.5,5.8,17.2,33.6
2015,Portland Trail Blazers,1.6,3.9,40,1.2,3.1,37.5,7.1,20.1,35.4
2015,Sacramento Kings,0.9,2.2,38.5,1,2.8,35.8,3.8,11.3,33.3
2015,San Antonio Spurs,1.4,3.3,40.9,1.5,3.3,43.4,5.5,15.8,34.7
2015,Toronto Raptors,1.6,4,40.6,1.1,2.9,39.8,6.1,18.1,33.6
2015,Utah Jazz,1.2,2.9,39.7,1.1,3.2,35.6,5.1,15.4,33.4
2015,Washington Wizards,0.8,2.5,32.7,0.9,2.2,41.3,4.3,11.9,36.1
2014,Atlanta Hawks,1.4,3.6,37.9,1.4,3.5,40.8,6.6,18.5,35.4
2014,Boston Celtics,1,2.7,36.4,1.1,2.6,41.2,5,15.6,31.8
2014,Brooklyn Nets,1.2,2.9,42.4,1.1,3,36.9,6.3,17.3,36.5
2014,Charlotte Hornets,0.7,1.9,34.8,0.8,2,40.3,4.9,13.9,35
2014,Chicago Bulls,0.9,2.1,43.4,0.7,2,32.3,4.6,13.5,34.2
2014,Cleveland Cavaliers,1.1,2.8,40.7,0.8,2.5,33.5,5.2,14.5,35.6
2014,Dallas Mavericks,1.1,2.7,41.5,0.9,2,42.6,6.8,18,37.8
2014,Denver Nuggets,1.3,2.9,44.4,1.2,3,39.2,6.1,17.7,34.3
2014,Detroit Pistons,1,2.7,36.9,1,2.2,44.2,4.2,14,29.9
2014,Golden State Warriors,1.5,3.5,41.6,1.1,2.7,40.3,6.9,18.5,37.5
2014,Houston Rockets,1.2,3.1,39,1.3,3.3,38.4,7,20.1,34.8
2014,Indiana Pacers,0.9,2.3,41.1,1.1,2.6,41,4.7,13.8,34.3
2014,Los Angeles Clippers,1.4,3.7,37.4,1.6,3.6,43.5,5.5,16.5,33.2
2014,Los Angeles Lakers,1.3,3.2,40.2,1.2,3,41.2,6.9,18.4,37.5
2014,Memphis Grizzlies,0.7,2,34.1,0.8,2,39.8,3.5,9.8,35.3
2014,Miami Heat,1.5,3.7,40.4,2.1,4.8,44.6,4.5,13.8,32.4
2014,Milwaukee Bucks,0.8,1.9,39.2,0.6,1.8,33.8,5.3,15.2,35.1
2014,Minnesota Timberwolves,1,3.1,33.5,0.6,1.8,32.7,5.7,16.3,34.7
2014,New Orleans Pelicans,0.7,1.9,38.3,0.7,1.9,38,4.5,11.8,37.8
2014,New York Knicks,1.1,3,37.8,0.9,2.2,42.3,7.2,19.4,37
2014,Oklahoma City Thunder,1.1,3.1,34.5,0.9,2.4,35.9,6.2,16.8,36.9
2014,Orlando Magic,1.3,3.6,35.9,0.7,2,35.6,4.9,13.7,35.5
2014,Philadelphia 76ers,0.9,2.7,31.8,0.6,1.8,34.7,5.5,17.9,30.9
2014,Phoenix Suns,1.5,3.3,44.9,1.3,3.6,36.2,6.5,17.9,36.4
2014,Portland Trail Blazers,1.6,3.7,43.8,0.9,2.9,31.5,6.9,18.5,36.9
2014,Sacramento Kings,0.8,2.1,37.9,0.6,1.7,36,4.6,14.1,32.4
2014,San Antonio Spurs,1.5,3.6,42.3,1.2,3,39.3,5.8,14.8,39.6
2014,Toronto Raptors,1.5,3.7,40.7,1,2.7,38.1,6.1,16.8,36.5
2014,Utah Jazz,0.9,2.5,34.6,1,2.3,42.6,4.8,14.1,33.8
2014,Washington Wizards,1.4,3.3,40.9,1.3,3.3,39.8,5.3,14.1,37.3
2013,Atlanta Hawks,1.4,3.3,42.6,1.3,3.1,41.4,5.9,16.7,35.6
2013,Boston Celtics,1.1,3,37,1.3,3,43.9,3.8,10.9,34.3
2013,Brooklyn Nets,1.7,4.3,40.1,1.3,3.4,39.3,4.6,13.6,33.9
2013,Charlotte Hornets,0.7,1.7,39.9,0.7,1.8,39.7,4.3,13.3,32.3
2013,Chicago Bulls,0.8,2,38,0.5,1.6,33.1,4.2,11.7,35.5
2013,Cleveland Cavaliers,0.8,2.3,33.7,0.7,2,35,5.2,14.9,34.9
2013,Dallas Mavericks,0.9,2.7,32.6,0.8,2,42,5.7,14.9,38
2013,Denver Nuggets,1.3,3.5,38.5,1,3.1,31.2,4.1,11.7,34.7
2013,Detroit Pistons,1,2.7,38,0.8,2.3,34.2,4.5,12.5,36
2013,Golden State Warriors,1,2.4,43,1.2,2.4,48.7,5.9,15,39.2
2013,Houston Rockets,1.7,4.2,39.8,1.7,4.3,39,7.2,20.3,35.6
2013,Indiana Pacers,0.8,2.5,34,1,2.7,38.9,5,14.3,34.8
2013,Los Angeles Clippers,1.4,3.7,36.3,1.5,3.6,40.7,4.8,13.9,34.7
2013,Los Angeles Lakers,1.3,3.5,36,1.2,3.1,37.2,6.2,17.6,35.4
2013,Memphis Grizzlies,0.7,2,37.4,0.9,2.1,41.8,3.1,9.4,32.9
2013,Miami Heat,1.8,4.2,43.1,2,4.6,43.1,5,13.2,37.6
2013,Milwaukee Bucks,0.8,2.5,33.8,1.1,2.6,41.5,5.4,15.2,35.7
2013,Minnesota Timberwolves,0.9,2.5,36.6,0.6,1.8,34,4,13.7,29.2
2013,New Orleans Pelicans,0.6,1.5,36.5,0.7,1.7,40,5.3,14.5,36.3
2013,New York Knicks,1.5,4,37.2,1.2,3,38.7,8.2,21.5,38
2013,Oklahoma City Thunder,1.3,3.2,39.8,0.9,1.9,49.7,5.1,14.2,35.9
2013,Orlando Magic,1,2.5,38.8,0.6,1.9,33.3,4.6,14.3,32
2013,Philadelphia 76ers,1.1,3.1,35.4,1,2.4,41.4,4.2,11.9,35.6
2013,Phoenix Suns,0.8,2.2,37,1,2.8,36.6,4,12.6,31.9
2013,Portland Trail Blazers,1.4,3.1,43,0.9,2.6,35,6,17.4,34.3
2013,Sacramento Kings,1,2.6,37.9,1.2,3,39.1,5.3,14.7,35.8
2013,San Antonio Spurs,1.6,3.8,42,1.6,3.9,40.4,4.9,13.6,36
2013,Toronto Raptors,0.8,2.1,40.2,0.7,2.3,31,5.4,15.8,34.2
2013,Utah Jazz,0.8,2,39.9,0.7,1.9,35.5,4.7,12.9,36.8
2013,Washington Wizards,1.4,3.2,44.4,1.5,3.1,47,3.8,11.9,32
2012,Atlanta Hawks,1.5,3.7,40.7,1.3,3.3,38.5,4.7,13,35.8
2012,Boston Celtics,1.2,2.9,42.4,0.9,2.1,44.9,3.4,10,33.7
2012,Charlotte Hornets,0.4,1.2,36.5,0.3,1.1,31,3.2,11.1,29.1
2012,Chicago Bulls,0.9,2.1,41.6,0.9,2.6,33.5,4.7,12.2,38.3
2012,Cleveland Cavaliers,0.8,2.2,35.8,1,2.5,37.6,4.9,14.5,34.1
2012,Dallas Mavericks,0.9,2.5,35,1,2.7,35.6,5.7,16.9,33.8
2012,Denver Nuggets,1.2,3.6,33.8,1.1,2.7,39,4.3,13.2,32.6
2012,Detroit Pistons,0.9,2.1,41.4,0.5,1.5,31,3.5,10.1,34.5
2012,Golden State Warriors,1.2,2.8,44.3,1.4,3,47.2,5.3,14.6,36.5
2012,Houston Rockets,1.4,3.2,44.4,1.2,2.7,43.1,4.7,14.1,33
2012,Indiana Pacers,0.8,2.2,36.2,0.9,2.5,34.9,4.3,11.3,37.9
2012,Los Angeles Clippers,1.3,3.3,39.6,1,3.3,31.9,5.4,15.2,35.9
2012,Los Angeles Lakers,0.8,2.3,35.3,0.9,2.6,33.7,3.8,11.8,31.9
2012,Memphis Grizzlies,0.5,1.4,35.6,0.6,1.7,37.3,3.1,9.5,32.3
2012,Miami Heat,1,2.6,37.4,1,2.8,35,3.7,10.2,35.9
2012,Milwaukee Bucks,0.7,2.1,31.2,1.1,2.9,38.7,4.8,14,34
2012,Minnesota Timberwolves,1.2,3.3,35.2,0.9,2.3,37.7,5.1,15.8,32.5
2012,Brooklyn Nets,1.2,3.5,32.6,1,2.8,34.9,5.5,16,34.6
2012,New Orleans Pelicans,0.6,1.6,35.9,0.6,1.7,37.8,2.7,8.5,32.2
2012,New York Knicks,1,3.1,33.2,1,2.8,36.6,5.8,17.3,33.6
2012,Oklahoma City Thunder,0.7,1.8,38.8,0.9,2,42.5,5.6,16,34.9
2012,Orlando Magic,1.3,3.4,38.8,1.2,2.8,44.2,7.7,20.9,36.7
2012,Philadelphia 76ers,0.5,1.6,30.8,0.5,1.5,35.1,4.3,11.4,37.4
2012,Phoenix Suns,0.8,2.4,34.4,0.9,2.5,36,5,14.6,34.4
2012,Portland Trail Blazers,1.4,3.6,39.3,1.2,3,39.6,4.7,14.2,32.9
2012,Sacramento Kings,0.9,2.6,33.7,1,3,34.9,4.3,14.1,30.8
2012,San Antonio Spurs,1.5,3.5,41,1.4,3.4,42.9,5.5,14.3,38.3
2012,Toronto Raptors,0.7,1.9,38.4,0.7,2.2,30.7,4.2,12.1,34.3
2012,Utah Jazz,0.5,1.3,34.8,0.4,1.3,30.4,3.3,10.1,32.8
2012,Washington Wizards,1.1,2.5,42.2,0.9,2.5,37.6,3.2,11.2,28.5
2011,Atlanta Hawks,1.4,3.6,38.5,1,2.7,37.4,3.7,11,34
2011,Boston Celtics,1,2,47.8,0.8,1.7,44.9,3.3,9.9,33.1
2011,Charlotte Hornets,0.4,1.4,30.4,0.6,1.4,45,3.8,11.7,32.2
2011,Chicago Bulls,1,2.6,37.5,0.9,2.3,37.2,4.4,12.2,36.2
2011,Cleveland Cavaliers,0.8,2.2,38.8,0.8,2.3,36.6,4.6,13.7,33.4
2011,Dallas Mavericks,1.4,3.8,36.7,1.2,2.8,42.9,5.3,14.8,35.7
2011,Denver Nuggets,1.4,3.7,37,1.1,2.4,45.5,5.6,14.4,38.7
2011,Detroit Pistons,1.3,3.3,40,1,2.4,40.5,3.4,9.4,36.6
2011,Golden State Warriors,1.7,3.8,43.6,1.1,2.8,41.2,5.6,14.6,38.2
2011,Houston Rockets,1.1,2.8,40.4,1.1,2.6,40.4,6.1,16.9,36
2011,Indiana Pacers,1,2.3,41,0.7,2,37,5.5,15.7,34.7
2011,Los Angeles Clippers,0.8,2.3,35.6,0.8,2.8,29.6,4.6,13.3,34.7
2011,Los Angeles Lakers,1,2.8,34.4,1.3,2.6,48.4,4.1,12.5,33.2
2011,Memphis Grizzlies,0.6,1.5,39.8,0.6,1.6,36.4,2.6,7.9,32.8
2011,Miami Heat,1.4,3.1,45.9,1.2,3,40.5,4,11.8,34
2011,Milwaukee Bucks,1,2.5,39.7,1.1,2.8,38.9,3.8,11.8,32.3
2011,Minnesota Timberwolves,1,2.2,46,0.9,1.9,45.7,5.3,14.8,36.1
2011,Brooklyn Nets,0.9,2.6,34.4,0.7,2,36.3,4,11.6,34.5
2011,New Orleans Pelicans,0.9,2.4,34.8,1,2.5,38.8,3.6,9.9,36
2011,New York Knicks,1.7,4,44.1,1.2,3.1,39.8,6.4,18.2,35
2011,Oklahoma City Thunder,0.7,1.8,38,0.6,1.7,34.6,4.7,13.6,34.6
2011,Orlando Magic,1.3,3.5,38.2,1.1,3,35.9,7,18.9,36.8
2011,Philadelphia 76ers,0.9,2,44,0.7,1.9,36.4,3.8,11.2,34.4
2011,Phoenix Suns,1,2.6,38.2,1.5,3.5,42,6.1,16.4,37.2
2011,Portland Trail Blazers,1.2,2.9,41.6,1.1,3.1,36.6,4,12,32.9
2011,Sacramento Kings,0.9,2.1,41.7,1,2.6,40.3,3.3,10.7,31.1
2011,San Antonio Spurs,1.5,4,38.2,1.8,4,45.5,5,12.9,38.6
2011,Toronto Raptors,0.5,1.7,29.6,0.5,1.4,38.8,3.1,10,31.4
2011,Utah Jazz,0.6,1.5,37.9,0.6,1.6,35.9,4.2,12.2,34.6
2011,Washington Wizards,0.9,2.7,33.9,0.7,1.8,38.2,3.2,9.9,32.6
2010,Atlanta Hawks,1.6,4.4,37.3,1,2.8,34.8,3.8,10.4,36.5
2010,Boston Celtics,0.7,2.4,31.2,0.7,1.8,37.1,4.7,13.3,35.5
2010,Charlotte Hornets,0.9,2.3,36.5,1,2.5,38.9,3.8,11.2,33.8
2010,Chicago Bulls,0.9,2.3,41.6,0.7,1.9,36.4,2.7,8.8,30.6
2010,Cleveland Cavaliers,1.3,3.3,38.9,1.4,3.3,42.2,4.6,12.6,37
2010,Dallas Mavericks,0.9,2.4,39.7,0.7,1.9,37.1,5.2,13.9,37.3
2010,Denver Nuggets,1,2.3,42,0.8,1.9,39.5,5,14.2,34.9
2010,Detroit Pistons,0.9,2.5,34,0.8,2.4,31.1,3,9.5,31.2
2010,Golden State Warriors,1.2,2.8,44.7,1.1,2.6,41.7,5.4,14.9,36.1
2010,Houston Rockets,1.2,2.7,43.1,1.1,2.9,37.2,5.6,16.6,33.8
2010,Indiana Pacers,0.9,2.4,36.5,0.8,2.2,36.5,6.4,18.5,34.6
2010,Los Angeles Clippers,0.8,2.2,35.3,0.8,2.1,36.8,4.4,13.4,32.8
2010,Los Angeles Lakers,1,2.6,40.6,0.8,2,36.7,4.7,14.2,32.9
2010,Memphis Grizzlies,0.6,1.4,40.4,0.7,1.6,43.9,3,9.3,32
2010,Miami Heat,1,2.5,39.3,1,2.4,39.8,4.1,12.5,33.2
2010,Milwaukee Bucks,1.5,3.4,45.7,1,3.1,33.6,5.2,15.4,33.9
2010,Minnesota Timberwolves,0.5,1.5,33.6,0.7,1.8,38,3.7,10.9,34.1
2010,Brooklyn Nets,0.9,2.5,34.6,0.8,2.3,35.5,2.9,9.5,30.3
2010,New Orleans Pelicans,0.8,2,42.8,0.9,2.1,41.7,5.3,15.1,35.1
2010,New York Knicks,1.2,3.3,35.8,0.9,2.3,40,7,20.4,34.1
2010,Oklahoma City Thunder,0.6,1.8,31.7,0.7,1.8,36.1,3.9,11.4,34.4
2010,Orlando Magic,1.9,4.5,41,1.5,3.5,42.6,6.9,19.1,36.3
2010,Philadelphia 76ers,0.8,2.3,36.7,0.9,2.1,42.7,4,12.2,33.1
2010,Phoenix Suns,0.9,2.4,38.7,1.6,3.4,48.4,6.3,15.7,40.4
2010,Portland Trail Blazers,1.3,3.4,38.9,1,2.5,38.3,3.7,10.7,34.6
2010,Sacramento Kings,0.9,2.1,45.1,1,2.5,38.4,4,12.3,33
2010,San Antonio Spurs,1.4,3.7,37.3,1.4,3.4,39.6,4,11.7,34.6
2010,Toronto Raptors,1,2.2,45.8,0.6,1.5,42.1,4.7,12.9,36.1
2010,Utah Jazz,0.9,1.9,48.4,0.5,1.3,39.8,4,11.5,34.4
2010,Washington Wizards,0.7,2.1,35.5,0.7,1.7,41.5,3.9,11.2,34.9
2009,Atlanta Hawks,1.4,3.5,38.9,1.1,2.8,37.7,4.9,13.5,36.2
2009,Boston Celtics,1.3,3,41.9,1.1,2.2,48.6,4.2,11.3,37.6
2009,Charlotte Hornets,1.2,2.9,41.1,0.7,2.1,34.5,4.1,11.1,36.5
2009,Chicago Bulls,0.8,2.1,36.9,0.7,1.9,37.9,4.5,11.5,38.9
2009,Cleveland Cavaliers,1.7,4,42.2,1.4,3.6,39.7,4.9,12.7,38.6
2009,Dallas Mavericks,1.1,3.3,34.8,0.9,2.7,32.3,5,13.8,36
2009,Denver Nuggets,0.6,1.8,34,0.8,1.8,43.2,5.3,14.2,37.3
2009,Detroit Pistons,1.3,3.2,41.2,0.7,2,33.3,2.6,7.8,33.3
2009,Golden State Warriors,0.9,2.3,39.9,1,2,51.6,4.8,13.6,35.2
2009,Houston Rockets,0.8,2.2,35.1,1,2.3,42.4,6,15.7,37.8
2009,Indiana Pacers,0.8,2.1,35.8,0.7,1.8,37.5,6.5,17,38.3
2009,Los Angeles Clippers,0.8,2,41.6,0.7,1.7,42.6,5,14.5,34.3
2009,Los Angeles Lakers,1,2.8,36.9,1,2.6,36.4,4.7,13,36.2
2009,Memphis Grizzlies,0.7,1.9,36.1,0.8,1.7,43.5,3.5,9.8,35.4
2009,Miami Heat,1.1,3,38,1,2.8,34.3,5,13.7,36.2
2009,Milwaukee Bucks,1.1,2.8,39.9,1.1,2.6,40.8,4,11.7,34.6
2009,Minnesota Timberwolves,1.4,3.3,43,0.9,2.4,38.9,4.2,12.8,33.1
2009,Brooklyn Nets,1.6,3.7,43.3,1.5,3.1,46.7,4.9,14.2,34.4
2009,New Orleans Pelicans,1.4,3.2,43,1.2,3.2,39.3,4.2,12.2,34.3
2009,New York Knicks,1.5,4.3,35.9,1.1,2.7,41.3,7.4,20.6,35.8
2009,Oklahoma City Thunder,0.6,1.5,39.1,0.4,1.2,29.6,3.1,8.9,35.4
2009,Orlando Magic,1.7,4.4,39.5,1.5,3.8,38.9,6.7,17.8,37.8
2009,Philadelphia 76ers,0.8,2.4,32.8,0.6,1.5,38.5,2.8,9.1,31
2009,Phoenix Suns,1,2.6,37.2,1.2,2.8,41.7,4.6,12,38.5
2009,Portland Trail Blazers,1.6,3.8,41.5,1.6,4,39.4,4.1,10.8,38
2009,Sacramento Kings,1.1,2.5,45.5,1.2,3,39.9,4.8,13.7,35
2009,San Antonio Spurs,1.5,3.9,39.4,1.5,3.9,39.6,4.5,11.5,39.3
2009,Toronto Raptors,0.7,1.7,40.6,1,2.4,42.6,4.2,11.5,36.2
2009,Utah Jazz,0.6,1.3,44.2,0.6,1.7,35.5,3.6,10.6,34.1
2009,Washington Wizards,0.6,1.7,36,0.4,1.4,28.2,3.8,11.5,33.4
2008,Atlanta Hawks,0.9,2.2,40.4,0.5,1.5,37.1,3.3,9.4,34.9
2008,Boston Celtics,1.2,2.8,42.3,0.9,2.3,39.6,5.2,13.9,37.6
2008,Charlotte Hornets,1.1,3.3,32.5,1.3,3.1,43.1,4,11.1,36.4
2008,Chicago Bulls,0.9,2.2,41.8,0.6,1.6,37.5,4.3,12,35.6
2008,Cleveland Cavaliers,1.3,3.4,39.3,1.3,3.4,38.1,4.2,12,34.5
2008,Dallas Mavericks,1,2.7,36.4,0.9,2.4,36.1,4.2,11.9,35.5
2008,Denver Nuggets,1.1,2.8,39,1,2.3,42.4,4.9,14.1,34.6
2008,Detroit Pistons,0.8,2.5,32.3,0.8,2.1,40.4,4.3,11.6,37.3
2008,Golden State Warriors,1.5,3.8,38.5,1.1,2.9,38.8,6.7,19.6,34
2008,Houston Rockets,0.9,2.1,40.8,0.8,2.3,35.4,5.4,16.2,33.4
2008,Indiana Pacers,1,2.4,42,1,2.5,39.8,7.2,19.6,36.7
2008,Los Angeles Clippers,0.5,1.3,38.1,0.3,0.8,35.9,3.5,10.9,31.8
2008,Los Angeles Lakers,1.1,2.9,39.2,1.4,3.3,43.7,5.5,15,36.6
2008,Memphis Grizzlies,1,2.4,42.3,0.8,2.2,35.7,5.8,16.9,34.4
2008,Miami Heat,1,2.3,42.8,0.6,1.7,35.3,4.5,12.7,35.1
2008,Milwaukee Bucks,0.9,2.3,40.3,0.9,2.1,41.2,3.8,11.5,32.7
2008,Minnesota Timberwolves,0.6,1.7,36.8,0.5,1.4,35.4,4.3,12,35.6
2008,Brooklyn Nets,0.9,2.2,41.5,1,2.4,42.7,4.1,12.5,32.7
2008,New Orleans Pelicans,1.4,3.1,45.3,1.2,2.7,43.1,5,13.8,36.7
2008,New York Knicks,0.9,2.3,38,0.8,2.3,33.2,4.3,12.9,33.7
2008,Orlando Magic,1.8,4.5,40.1,1.8,4.3,42.3,6.1,16.3,37.8
2008,Philadelphia 76ers,0.5,1.5,32.8,0.7,1.7,43.1,2.5,8.2,30.1
2008,Phoenix Suns,1.4,3.7,38.5,1.4,3.5,41.1,5.6,14.3,39.2
2008,Portland Trail Blazers,1.4,3.4,42,1.3,3.4,38.8,3.8,10.2,37.1
2008,Sacramento Kings,0.9,2.4,38.5,0.9,2.2,39.1,4.4,12,37
2008,San Antonio Spurs,1.6,4.4,37.8,1.7,4.1,41.3,3.9,10.9,35.4
2008,Oklahoma City Thunder,0.6,1.8,35.8,0.4,1.1,41,2.8,8.5,32.3
2008,Toronto Raptors,1.1,2.8,40.3,1.2,2.8,42.8,4.6,11.9,38.7
2008,Utah Jazz,0.5,1.4,37.5,0.6,1.4,42,3.8,10.3,37.2
2008,Washington Wizards,0.5,1.6,33.3,0.9,2.2,42,5.5,15.8,35.1
2007,Atlanta Hawks,0.7,2.1,34,0.6,1.5,41.2,2.9,9.1,31.6
2007,Boston Celtics,1.1,2.4,44.9,0.8,2.1,38.2,3.9,11.1,35
2007,Charlotte Hornets,1,2.9,33,1.2,2.8,43.9,3.4,9.7,34.8
2007,Chicago Bulls,0.8,1.9,39.1,0.7,1.6,44.6,4.4,11.4,38.5
2007,Cleveland Cavaliers,1.1,3.2,35.8,1.1,3,36.8,3.8,10.9,34.7
2007,Dallas Mavericks,1.3,3.3,38.8,1,2.7,35.3,4.3,11.1,39.1
2007,Denver Nuggets,0.7,2.4,31,0.8,2.2,34.4,4.4,12.7,34.6
2007,Detroit Pistons,1,2.9,33.8,1,2.6,37.6,3.6,10.4,34.3
2007,Golden State Warriors,1.9,4.6,41,1.3,3.7,36.1,5.3,15.5,34.3
2007,Houston Rockets,1.4,3.6,38.6,1.2,2.9,40.8,6,16.5,36.5
2007,Indiana Pacers,1.1,2.9,36.4,0.8,2.1,36.1,4.1,12,34.1
2007,Los Angeles Clippers,0.4,1.1,40.5,0.5,1.2,38.9,3,8.7,34.5
2007,Los Angeles Lakers,1,2.5,39.2,1,2.5,38.9,5.5,15.9,34.5
2007,Memphis Grizzlies,0.7,1.5,44.7,0.6,1.3,43.3,4.9,13.6,35.7
2007,Miami Heat,1,2.8,35.7,1,2.5,37.6,4.5,13.4,33.8
2007,Milwaukee Bucks,0.9,2.6,34.4,1,2.4,41,4.6,13,35.1
2007,Minnesota Timberwolves,0.7,1.9,38.8,0.7,1.9,37.2,3.3,9.4,35.3
2007,Brooklyn Nets,1.1,3,38.1,1.2,2.9,40.2,5.1,14.4,35.6
2007,New Orleans Pelicans,0.8,1.9,41.4,0.6,1.8,35.7,4.2,11.7,35.9
2007,New York Knicks,0.9,2.5,35.2,0.8,2.1,37.4,4.1,12,34.4
2007,Orlando Magic,0.6,1.6,37.1,0.7,1.9,37.9,2.8,8.1,34.9
2007,Philadelphia 76ers,0.5,1.2,42.4,0.5,1.3,37.9,2.5,7.5,33.6
2007,Phoenix Suns,2,4.3,46.9,1.4,3.4,42.1,6.1,16.1,38.1
2007,Portland Trail Blazers,1.3,3.4,38.1,1,2.5,40.9,2.9,9,32.5
2007,Sacramento Kings,0.9,2.2,38.4,0.5,1.7,31.4,5.1,14.5,35.1
2007,San Antonio Spurs,1.8,4.4,40.9,1.2,3,39.2,4.2,11.4,37
2007,Oklahoma City Thunder,1,2.5,37.5,0.6,1.8,32.9,4.9,13.2,36.8
2007,Toronto Raptors,1.4,3.3,42.8,1.2,2.9,41.1,3.9,11.6,33.8
2007,Utah Jazz,0.4,1.1,31.8,0.3,1.1,25.6,3.7,10.6,34.9
2007,Washington Wizards,0.7,2,34.5,0.8,2.2,37.6,5.3,15.4,34.7
2006,Atlanta Hawks,0.9,2.3,39.8,0.7,1.9,38.4,3.6,9.8,36.3
2006,Boston Celtics,0.6,2,32.2,1.1,2.5,43.2,4,11.2,35.4
2006,Charlotte Hornets,1.1,2.6,42.6,1,2.5,39,3.2,10.1,31.1
2006,Chicago Bulls,1.1,2.9,38.5,1.1,2.6,40.9,4.7,12.5,37.5
2006,Cleveland Cavaliers,1.3,3.2,41.6,1.1,3.6,31.1,3.6,10.9,33.2
2006,Dallas Mavericks,0.7,1.8,41.1,0.7,1.6,42.4,3.7,10.1,36.8
2006,Denver Nuggets,0.5,1.8,29.3,0.9,2.5,35.2,2.9,8.7,33.1
2006,Detroit Pistons,1.2,3.2,38.7,1.1,2.5,42.3,4.6,12.1,37.6
2006,Golden State Warriors,1.3,3.3,38.8,1,3,35.2,5.3,15.9,33.3
2006,Houston Rockets,0.9,2.3,37.9,1,2.5,40.2,3.9,12.4,31.2
2006,Indiana Pacers,1,2.6,37.7,0.8,2.2,36.6,4.8,13.9,34.5
2006,Los Angeles Clippers,0.5,1.4,37.1,0.5,1.2,38.9,2.6,7.7,34.1
2006,Los Angeles Lakers,0.7,1.9,35.3,0.8,2,41.1,5.3,15.4,34.4
2006,Memphis Grizzlies,1,2.6,37.8,1.3,3.4,39.3,4.9,13.1,37.1
2006,Miami Heat,1.2,2.9,40.2,0.9,2.3,39.2,4,12.2,32.7
2006,Milwaukee Bucks,1.1,2.9,38,0.9,2.1,44.2,4.2,11.3,36.9
2006,Minnesota Timberwolves,0.6,1.4,43.8,0.4,1.1,37.9,2.8,8.9,31.6
2006,Brooklyn Nets,0.8,2.4,33.3,1.1,2.7,39.6,3.9,12.3,31.9
2006,New Orleans Pelicans,0.5,1.5,33.3,0.6,1.3,43.9,2.6,8,32.9
2006,New York Knicks,0.7,1.7,38.2,1,2.5,39.9,2.3,6.4,35.2
2006,Orlando Magic,0.4,1,43,0.5,1.1,47.6,2.7,7.6,36.2
2006,Philadelphia 76ers,0.6,1.7,38.2,0.8,2,42.3,3.1,9,35.1
2006,Phoenix Suns,1.7,4.1,41.5,1.5,3.7,40.5,7,17.7,39.7
2006,Portland Trail Blazers,0.8,2.3,36.8,0.6,1.6,35.7,3,8.7,34.8
2006,Sacramento Kings,0.8,2.3,33.3,0.8,2.2,38.5,4.5,12.7,35.1
2006,San Antonio Spurs,1.9,4.3,45.3,1.1,2.8,38.6,3.4,9.5,35.7
2006,Oklahoma City Thunder,1,2.6,40,0.8,1.9,42.9,5.6,15.3,36.6
2006,Toronto Raptors,1.4,3.6,38.9,1.3,3.5,37.8,4.7,12.5,37.4
2006,Utah Jazz,0.3,0.7,39.2,0.4,1,38.2,3.2,9.6,33.4
2006,Washington Wizards,0.4,1.5,29.9,0.7,1.8,39.3,4.9,13.7,36.2
2005,Atlanta Hawks,0.5,1.7,28.2,0.5,1.7,30.6,2.8,8.5,32.6
2005,Boston Celtics,0.8,2,39.1,1,2.8,36.8,3.6,10.5,34.2
2005,Charlotte Hornets,0.7,1.8,36.4,1,2.1,44.5,2.3,6.8,34.2
2005,Chicago Bulls,0.8,2.1,38.3,0.9,2.2,41.4,4.6,13.2,34.5
2005,Cleveland Cavaliers,0.6,1.6,36.7,0.6,1.8,35,2.5,7.7,32.3
2005,Dallas Mavericks,0.8,2,39.2,0.7,1.9,36.5,4.1,11.4,36.3
2005,Denver Nuggets,0.7,1.8,41.4,0.7,1.9,38.9,2.5,7.6,32.5
2005,Detroit Pistons,0.9,2.3,39.9,0.5,1.5,30.8,3.1,9.1,34.1
2005,Golden State Warriors,1.3,3.2,40.3,0.7,2.4,29.2,5.7,16.1,35.4
2005,Houston Rockets,1,2.8,36.9,1.1,2.7,40.9,4.6,13,35.5
2005,Indiana Pacers,1.1,2.8,37.7,1.1,2.5,43,4.5,13.7,32.5
2005,Los Angeles Clippers,0.6,1.5,38.1,0.5,1.1,44.3,1.8,5.5,32.7
2005,Los Angeles Lakers,1,3.2,32.8,1,2.6,37.4,5.8,16,36.5
2005,Memphis Grizzlies,1,2.7,38,1.2,3.2,36.4,4.3,12.2,35.6
2005,Miami Heat,0.7,1.9,36.7,0.9,2.4,39,4.3,11.2,37.9
2005,Milwaukee Bucks,0.6,1.7,34.6,0.6,1.5,40,2.8,8,34.8
2005,Minnesota Timberwolves,0.7,1.9,36,0.6,1.3,44.2,3.6,10.7,33.7
2005,Brooklyn Nets,0.8,2.1,37,0.9,2.3,40.3,3.7,10.3,35.7
2005,New Orleans Pelicans,0.6,1.9,32.5,0.6,1.9,32.9,3.8,12.2,31.4
2005,New York Knicks,0.7,1.8,36.1,1,2.3,42.4,3.8,10.8,34.8
2005,Orlando Magic,0.4,1.2,36.6,0.5,1.3,38.6,3,8.7,34.6
2005,Philadelphia 76ers,1.2,2.8,42.1,0.8,2,39.9,4.3,13,32.7
2005,Phoenix Suns,1.6,4,39.7,1.6,3.8,42.9,6.5,16.5,39
2005,Portland Trail Blazers,0.5,1.3,37,0.8,1.9,40.3,3.9,10.9,35.5
2005,Sacramento Kings,1,2.5,40.2,0.9,2.1,43.4,4.5,12.4,36.3
2005,San Antonio Spurs,1.6,4.1,38.6,1.4,3.5,38.3,3.2,9.3,34.9
2005,Oklahoma City Thunder,1.3,3,42.8,0.9,2.5,37.6,5.9,16.5,35.7
2005,Toronto Raptors,1.9,4.6,40.7,1.5,3.6,42.4,4.5,12.2,37
2005,Utah Jazz,0.4,1.2,36.7,0.5,1.4,38.9,2,6.5,31.5
2005,Washington Wizards,0.6,2.3,28.3,0.7,1.8,37.1,5,14.2,35
2004,Atlanta Hawks,1,2.6,38.6,0.7,2.1,33.9,3.4,10.6,32.3
2004,Boston Celtics,1.1,2.6,41.6,1,2.8,37.2,4.7,14.1,33.1
2004,Chicago Bulls,0.7,2.2,31.5,0.5,1.3,40.4,4,11.8,34.3
2004,Cleveland Cavaliers,0.5,1.4,32.7,0.5,1.6,34.6,2,6.6,31.1
2004,Dallas Mavericks,0.6,1.7,34.1,0.6,1.6,39,5,14.4,35
2004,Denver Nuggets,0.3,1.3,27.1,0.6,1.4,46.2,3.1,9.5,33.1
2004,Detroit Pistons,0.8,1.9,41.9,0.5,1.5,35.6,2.8,8.5,32.9
2004,Golden State Warriors,0.7,1.8,36.6,0.8,2.3,35.5,3.8,11.4,33
2004,Houston Rockets,1.1,3,37.2,1.1,2.7,39,4.1,11.3,36.6
2004,Indiana Pacers,1.2,3,38.8,0.9,2.4,35.8,3.5,10.3,34.1
2004,Los Angeles Clippers,0.3,0.9,30.6,0.3,1,29.7,3.5,10.6,32.9
2004,Los Angeles Lakers,0.7,2.3,31.7,0.5,1.5,32.1,3.4,10,33.5
2004,Memphis Grizzlies,0.9,2.7,34.4,0.7,2,33.3,3.9,11.2,34.5
2004,Miami Heat,1,2.3,43.6,0.8,1.9,40.3,4.2,12.3,34.4
2004,Milwaukee Bucks,0.7,2,35,0.6,1.9,30.7,3.6,10,36.3
2004,Minnesota Timberwolves,0.7,1.9,36.4,0.6,1.2,46.5,2.8,7.9,35.5
2004,Brooklyn Nets,0.5,1,45,0.7,1.8,39.7,3.5,10.8,32.1
2004,New Orleans Pelicans,0.8,2.5,33.2,0.8,2.5,33.2,4.8,15.3,31.7
2004,New York Knicks,0.7,1.9,39.5,0.8,2,37.9,3.5,9.7,36.1
2004,Orlando Magic,0.7,1.7,42.7,0.5,1.4,31.9,4.1,12.2,33.6
2004,Philadelphia 76ers,0.9,2.4,37.2,0.7,1.8,37.4,2.6,8,33
2004,Phoenix Suns,0.9,2.4,39.1,1.2,2.7,44,3,9.4,31.4
2004,Portland Trail Blazers,0.4,1.2,34,0.6,1.5,38.1,3.7,10.7,34.6
2004,Sacramento Kings,1.3,3.2,41,1.1,2.6,43.5,4.9,12.3,39.8
2004,San Antonio Spurs,1.3,3.2,39.9,0.8,2.1,37.9,2.9,8.5,34.5
2004,Oklahoma City Thunder,1.3,3.4,39.1,1.4,3.3,41.3,6.2,16.8,36.8
2004,Toronto Raptors,1.6,3.6,45.2,1.4,3.8,36.6,2.7,8.5,31.7
2004,Utah Jazz,0.4,1.3,34,0.5,1.2,39.1,2.2,7.1,31.5
2004,Washington Wizards,0.8,2.2,38.6,0.5,1.4,35.2,4,12,33.4
2003,Atlanta Hawks,0.8,2,40.5,0.8,2.1,39,3.3,9.9,33.8
2003,Boston Celtics,1.1,2.9,37.2,1.1,3.5,32.2,6.6,19.8,33.3
2003,Chicago Bulls,0.5,1.6,33.3,0.7,1.8,39,3.1,8.8,34.7
2003,Cleveland Cavaliers,0.5,1.6,33.3,0.9,2.3,39.5,2.2,6.9,31.5
2003,Dallas Mavericks,0.9,2.4,35.8,1.1,2.8,39.5,5.8,15.1,38.5
2003,Denver Nuggets,0.5,1.7,26.9,0.2,1,25,2.1,7.4,28.8
2003,Detroit Pistons,0.7,2.1,31.7,1.1,2.8,39.5,4.8,13.3,35.9
2003,Golden State Warriors,0.5,1.4,37,0.7,2,31.9,4.1,11.6,35
2003,Houston Rockets,0.8,2.2,37.6,0.5,1.7,30.4,4,11.4,35.3
2003,Indiana Pacers,0.6,1.8,33.3,0.4,1.4,27.2,3.6,10.4,35.1
2003,Los Angeles Clippers,0.5,1.4,35.3,0.4,1.2,34.1,4,11.8,33.5
2003,Los Angeles Lakers,0.8,2.2,36.9,0.7,2.1,32.1,4.5,12.3,36.1
2003,Memphis Grizzlies,1.2,3,41.1,0.6,1.3,42.9,4,11.3,35.2
2003,Miami Heat,0.7,2.1,35.6,0.7,1.9,36.1,2.9,9.4,30.8
2003,Milwaukee Bucks,1.2,3,38.2,0.8,2.3,33.9,5.3,13.3,39.6
2003,Minnesota Timberwolves,0.6,1.5,37.9,0.3,1,34.2,2.7,7.3,37.1
2003,Brooklyn Nets,0.4,1.2,38.5,0.6,1.5,37.7,3.3,10,32.6
2003,New Orleans Pelicans,0.8,1.8,44.8,0.7,1.7,39.6,3.5,9.6,36.2
2003,New York Knicks,1,2.4,41.1,1.2,3,41.6,5.2,13.8,37.5
2003,Orlando Magic,0.8,2.4,31.8,0.6,1.5,37.3,5.6,15.4,36.4
2003,Philadelphia 76ers,0.6,1.8,34.1,0.4,1.2,34.1,2,6.8,30.1
2003,Phoenix Suns,0.7,1.9,34.8,1.4,3.2,42.8,2.7,8.7,31.6
2003,Portland Trail Blazers,0.6,1.5,36.1,0.7,2.1,34.8,3.4,10.2,33
2003,Sacramento Kings,1.3,3,42.2,1.3,3.1,43.9,3.4,9.5,36.1
2003,San Antonio Spurs,1.2,3.4,34.3,1.3,3,41.2,3,9,34
2003,Oklahoma City Thunder,0.8,2.4,34.2,0.7,2,34.4,4.1,11.3,36
2003,Toronto Raptors,0.9,2.2,38.3,0.7,1.9,39.1,3.4,10.4,33
2003,Utah Jazz,0.4,0.9,40.9,0.3,0.9,36.9,2.1,6,34.7
2003,Washington Wizards,0.6,1.7,34.1,0.4,1.3,30.4,2.2,7,30.8
2002,Atlanta Hawks,0.6,1.9,31.5,0.8,2.3,36.5,3.8,10.6,36.1
2002,Boston Celtics,0.7,2.3,31.1,1.1,3,34.6,6.8,18.3,36.8
2002,Charlotte Hornets,0.3,1.1,32.1,0.6,1.2,47.1,3.4,10,33.9
2002,Chicago Bulls,0.4,1.2,33.3,0.3,1,26.3,3,8.4,35.9
2002,Cleveland Cavaliers,0.8,1.8,42.6,0.6,1.4,42.1,3.4,9.2,36.7
2002,Dallas Mavericks,0.7,1.6,45.9,0.8,2,39.9,6.1,16.5,37
2002,Denver Nuggets,0.8,2.7,31.1,0.9,2.3,37.6,3.5,10.5,32.9
2002,Detroit Pistons,1.4,3.4,41,1.1,2.9,39.2,4.4,12.2,36.3
2002,Golden State Warriors,0.4,1.2,36,0.5,1.4,34.2,3,9.5,31.9
2002,Houston Rockets,1,2.8,34.4,0.7,1.9,35.4,4.5,13.3,33.4
2002,Indiana Pacers,1.1,2.6,41,0.6,2,32.9,3.3,10,32.8
2002,Los Angeles Clippers,0.4,0.9,43.8,0.4,1,39.4,4.3,12.2,35
2002,Los Angeles Lakers,0.9,2.1,41.9,1.1,2.6,41.5,4.3,12.7,33.6
2002,Memphis Grizzlies,0.6,1.7,36.6,0.4,1.4,29.5,3.1,10.2,30.1
2002,Miami Heat,0.8,1.9,43.6,0.8,1.9,40.3,2.3,7.2,32.2
2002,Milwaukee Bucks,1.3,3,41.4,0.9,2.4,37.7,5.1,13.7,37.2
2002,Minnesota Timberwolves,0.6,1.5,38.3,0.6,1.4,42.1,3.7,9.8,37.6
2002,Brooklyn Nets,0.7,1.7,38.8,0.5,1.5,35.1,3.8,11.4,33.5
2002,New York Knicks,0.7,2.2,33.7,0.9,2.5,37.8,4.1,11.8,35.1
2002,Orlando Magic,0.9,2.1,40.4,0.8,1.9,42.7,5.9,16.2,36.5
2002,Philadelphia 76ers,0.6,1.5,43.1,0.3,1,34.8,1.7,6.5,26.8
2002,Phoenix Suns,0.4,1.3,34.3,0.6,1.9,30.2,3.4,10.2,33.2
2002,Portland Trail Blazers,0.6,1.7,35.6,0.8,1.9,42,4.3,12.4,34.6
2002,Sacramento Kings,0.7,2,36,1.2,2.7,42.3,3.3,9.4,35.5
2002,San Antonio Spurs,1.2,2.7,44,1.3,2.9,43.6,2.9,9,32.1
2002,Oklahoma City Thunder,0.8,2.4,33.2,0.8,1.9,42.5,4.4,11.4,38.4
2002,Toronto Raptors,0.7,1.6,41.7,0.7,1.6,42.1,3.5,10.3,33.8
2002,Utah Jazz,0.3,0.9,35.2,0.5,1.5,33,2.6,7.9,33.3
2002,Washington Wizards,0.4,0.9,44.1,0.5,1.1,46.2,2.9,7.8,37.7
2001,Atlanta Hawks,0.4,1.1,31.8,0.7,1.8,40,3,8.5,35.5
2001,Boston Celtics,0.9,2.4,39.2,1.2,3.2,39.3,5.1,14.4,35.4
2001,Charlotte Hornets,0.5,1.3,41.8,0.5,1.2,38.4,3.2,9.6,33.5
2001,Chicago Bulls,0.3,0.9,36.4,0.4,1,36.9,3.4,9.9,34.5
2001,Cleveland Cavaliers,0.6,1.8,36.5,0.5,1.3,34.4,1.6,4.9,33.5
2001,Dallas Mavericks,0.5,1.3,39,1,2.8,35.3,4.8,12.4,39.2
2001,Denver Nuggets,1,2.7,37.8,1.1,2.7,38.7,4.2,12.2,34.4
2001,Detroit Pistons,0.9,2.2,40.1,0.6,1.8,34.3,3.3,9.6,34.1
2001,Golden State Warriors,0.5,1.6,31.4,0.4,1.1,33.3,2.6,9.2,28.7
2001,Houston Rockets,1.1,2.7,40.1,0.7,1.9,36.8,4.4,12.6,35
2001,Indiana Pacers,1,2.9,34.2,0.9,2.1,42.4,3,9.2,32.5
2001,Los Angeles Clippers,0.5,1.1,42.2,0.4,1.1,31.4,3.6,10.8,33.6
2001,Los Angeles Lakers,0.5,1.3,36.4,0.6,1.7,37.8,4.3,12.6,34.2
2001,Miami Heat,0.8,2,37.8,0.8,1.9,39.3,4.4,13,33.9
2001,Milwaukee Bucks,1.2,3.1,37.3,0.9,2.1,43.9,4.7,12.7,37.3
2001,Minnesota Timberwolves,0.7,1.4,48.6,0.6,1.8,32.8,2.7,7.9,34.6
2001,Brooklyn Nets,0.7,1.8,37.5,0.4,1.3,31,3.4,10.2,33.1
2001,New York Knicks,0.7,1.7,41.9,0.7,1.8,41.1,3.4,10.2,33.3
2001,Orlando Magic,0.5,1.4,39.3,0.6,1.6,36.8,4.9,13.5,36.5
2001,Philadelphia 76ers,0.5,1.6,33.3,0.5,1.2,44.9,2.3,7.3,31.2
2001,Phoenix Suns,0.7,2.1,33.5,0.5,1.9,28.3,2.9,9,32.3
2001,Portland Trail Blazers,0.6,1.6,35.7,0.5,1.6,33.1,3.5,9.8,35.3
2001,Sacramento Kings,0.7,2.1,35.3,0.9,2.4,37.4,4.2,11.8,35.5
2001,San Antonio Spurs,0.9,1.8,49,1.4,2.9,47.7,3.2,8.5,37.2
2001,Oklahoma City Thunder,0.8,1.9,43.7,0.6,1.6,36.9,4.3,10.7,40
2001,Toronto Raptors,0.6,1.7,33.8,0.8,1.8,45.3,3.9,10.7,36.6
2001,Utah Jazz,0.7,1.4,48.6,0.7,1.7,42,2.6,7.3,35.8
2001,Memphis Grizzlies,0.4,1.5,28.6,0.6,1.9,34,3,8.3,35.4
2001,Washington Wizards,0.4,1.2,32.6,0.5,1.3,37.1,2.5,7.9,31.8
2000,Atlanta Hawks,0.4,0.8,46.8,0.3,0.7,42.9,2.5,8.4,29.9
2000,Boston Celtics,0.7,1.9,37,0.8,2.3,33.5,3.7,11.3,32.6
2000,Charlotte Hornets,0.5,1.5,35.1,0.3,1,30.7,3.3,9.8,34.2
2000,Chicago Bulls,0.4,1.1,32.9,0.4,1.3,30.2,3.5,10.4,33.4
2000,Cleveland Cavaliers,0.7,1.7,39.5,0.3,0.8,40,3.2,8.8,36.9
2000,Dallas Mavericks,0.9,2,46.2,1.1,2.6,43.3,4.3,11.6,37.1
2000,Denver Nuggets,0.7,2.1,33.9,1,2.8,35.9,4.1,12.2,33.3
2000,Detroit Pistons,0.8,2,40.6,0.8,2,41.1,3.8,11.1,34.5
2000,Golden State Warriors,0.4,1.2,31.2,0.7,1.8,42.1,3.1,10.2,30.8
2000,Houston Rockets,0.9,2.4,37.6,1,2.5,39,5.3,15.1,35.3
2000,Indiana Pacers,1.4,3.2,43.3,1.1,2.4,44.2,4.7,12.6,37.3
2000,Los Angeles Clippers,0.5,1.6,31.6,0.4,1.3,33.3,4.4,12.7,34.5
2000,Los Angeles Lakers,0.5,1.5,31.3,0.4,1.4,29.4,3.4,10,33.5
2000,Miami Heat,0.9,2.2,40.8,1,2.1,47.3,3.6,10.4,34.7
2000,Milwaukee Bucks,0.8,2,39.2,1,2.3,41.1,3.1,8.5,36.2
2000,Minnesota Timberwolves,0.4,1.2,35.6,0.5,1.4,36.1,2.2,6.2,34.8
2000,Brooklyn Nets,0.6,1.7,36,0.7,1.9,35.8,4.6,13.1,34.9
2000,New York Knicks,0.7,1.6,40.9,0.7,2,36.1,2.9,7.7,38.3
2000,Orlando Magic,0.3,1,35.7,0.4,1.1,36.8,2.9,8.7,33.5
2000,Philadelphia 76ers,0.6,1.2,46.4,0.4,0.8,44.4,1.8,6.1,29
2000,Phoenix Suns,0.7,1.8,38.8,0.7,1.8,40.4,4,11.1,36
2000,Portland Trail Blazers,0.8,1.8,45.1,0.7,2,33.3,3.5,10,35.5
2000,Sacramento Kings,0.7,2,36.7,0.6,1.8,36.2,5.2,16.3,31.8
2000,San Antonio Spurs,0.8,2.1,39.5,0.7,2,35.4,2.5,6.6,38.4
2000,Oklahoma City Thunder,0.9,2.5,34.5,0.7,1.9,35.4,5.1,15.2,33.8
2000,Toronto Raptors,0.9,2.3,37.9,1,2.4,40,3.4,9.6,35.6
2000,Utah Jazz,0.4,1,41.1,0.5,1.3,39.8,3.1,8.2,38.1
2000,Memphis Grizzlies,0.7,1.8,41.5,0.7,1.8,36.6,2.6,7.4,34.8
2000,Washington Wizards,0.5,1.3,43.3,0.6,1.2,48.9,3,8.5,35.4
1999,Atlanta Hawks,0.3,1,35.7,0.1,0.5,21.1,3.5,11.5,30.9
1999,Boston Celtics,0.9,2.3,39.8,0.7,1.7,39.7,4,11.4,35.3
1999,Charlotte Hornets,1.3,2.4,53.4,0.4,1.4,29.4,3.7,10.9,34
1999,Chicago Bulls,0.4,1.1,34,0.4,1.3,29.6,2.9,10.1,28.6
1999,Cleveland Cavaliers,0.5,1.5,33.8,0.8,1.6,48.6,2.5,7.7,31.8
1999,Dallas Mavericks,0.5,1.3,35,0.4,1.1,32.7,3.3,9.7,33.9
1999,Denver Nuggets,0.8,2.1,37,1.1,2.7,41.7,4.1,13.6,30.4
1999,Detroit Pistons,0.6,1.5,41.2,0.5,1.2,43.6,3.9,11.1,35.4
1999,Golden State Warriors,0.4,1.2,32.1,0.6,1.9,31.7,2.3,8.4,27.8
1999,Houston Rockets,0.9,2,45.3,0.5,1.8,29.9,5.3,14.7,36.4
1999,Indiana Pacers,1.1,2.6,42.3,0.6,1.8,34.1,4.2,11.7,36.1
1999,Los Angeles Clippers,0.6,1.2,48.1,0.6,1.6,35.2,3.3,10.8,30.1
1999,Los Angeles Lakers,0.4,1.6,26.8,0.6,1.3,47.3,3.9,11.1,35.4
1999,Miami Heat,0.6,1.7,35.5,0.9,2.4,36,4.3,12,35.7
1999,Milwaukee Bucks,0.8,2,38.1,0.6,1.9,34.1,3.2,8.5,38.1
1999,Minnesota Timberwolves,0.3,1.1,28.6,0.3,1,34,1.8,6.1,29.9
1999,Brooklyn Nets,0.3,1.1,31.9,0.5,1.2,38.2,3.8,11.5,32.8
1999,New York Knicks,0.4,1.3,31.7,0.5,1.4,33.9,3.3,9.3,36.1
1999,Orlando Magic,0.6,1.3,46.6,0.3,0.9,31.6,3.7,11.4,32.3
1999,Philadelphia 76ers,0.4,0.9,44.4,0.3,0.8,37.1,1.4,5.9,23.2
1999,Phoenix Suns,0.8,1.9,41.1,0.5,1.6,34.8,4,10.7,37.1
1999,Portland Trail Blazers,0.6,1.3,44.4,0.9,1.9,44.9,3.6,10.4,34.3
1999,Sacramento Kings,0.6,2.1,30,0.6,1.9,31.1,4.6,14.9,31.1
1999,San Antonio Spurs,1.1,2.3,46.4,0.5,1.4,37.3,1.9,6.7,28.3
1999,Oklahoma City Thunder,0.8,2.5,32.3,0.6,1.6,36.4,4.8,13.8,34.7
1999,Toronto Raptors,0.6,1.9,29.9,0.8,2.1,35.4,3.3,9.4,35.2
1999,Utah Jazz,0.3,0.6,51.9,0.5,1,50,2.1,6.3,32.9
1999,Memphis Grizzlies,0.4,0.9,37.8,0.5,1.6,32.9,2.2,6.7,32.7
1999,Washington Wizards,0.3,1.1,28.6,0.5,1.6,33.3,2.9,9.2,31.2
1998,Atlanta Hawks,0.3,1,27.9,0.2,0.6,33.3,3.7,10.9,33.4
1998,Boston Celtics,0.4,1.4,29.4,0.3,1,33.3,4.5,13.1,33.9
1998,Charlotte Hornets,0.6,1.6,36.5,0.6,1.4,41.6,3.2,8.3,38.4
1998,Chicago Bulls,0.3,0.9,33.9,0.6,1.6,35.9,3,9.6,31.6
1998,Cleveland Cavaliers,0.8,1.7,49.2,0.5,1.3,36.5,2.5,7.1,35.6
1998,Dallas Mavericks,0.7,1.6,41.5,0.5,1.5,34.3,4.1,11.4,35.7
1998,Denver Nuggets,0.3,0.9,33.3,0.4,1.1,35.4,2.9,9.1,32
1998,Detroit Pistons,0.2,1,23.6,0.3,0.9,27.1,3.2,9.7,32.5
1998,Golden State Warriors,0.3,0.9,29.5,0.2,0.8,29.6,1.9,7,27.1
1998,Houston Rockets,0.6,1.7,36.2,0.6,1.8,33.6,5.7,16.4,34.5
1998,Indiana Pacers,0.8,1.9,40.4,0.4,1,38.3,3.9,9.9,39
1998,Los Angeles Clippers,0.6,1.8,36.4,0.5,1.5,36.3,5.3,14.8,35.7
1998,Los Angeles Lakers,0.8,2.1,38.5,0.6,1.4,41.1,4.8,14,34.2
1998,Miami Heat,0.8,2.5,32.1,1.1,2.7,41.2,4.8,13.6,34.9
1998,Milwaukee Bucks,0.4,1,42.6,0.3,0.9,36.7,2.4,6.8,35.7
1998,Minnesota Timberwolves,0.5,1,45.9,0.7,1.6,41.5,2.6,8,33
1998,Brooklyn Nets,0.4,1.3,29.6,0.4,0.9,42.4,3.2,9.5,33.1
1998,New York Knicks,0.6,1.4,39.4,0.5,1.5,31.5,3.7,11.1,33.7
1998,Orlando Magic,0.4,1,34.2,0.4,1.1,35.6,2.9,9,31.8
1998,Philadelphia 76ers,0.4,1.1,33.3,0.3,0.8,39.6,2.4,8.3,29.3
1998,Phoenix Suns,0.7,1.7,38.2,0.6,1.7,35.4,4,11.3,35.6
1998,Portland Trail Blazers,0.3,1,30,0.3,0.9,28.8,3.1,10.1,30.6
1998,Sacramento Kings,0.3,0.8,40,0.5,1.3,42.4,2.7,7.8,34.3
1998,San Antonio Spurs,0.5,1.7,30.2,0.5,1.2,38.5,2.7,7.7,35.4
1998,Oklahoma City Thunder,0.8,2.1,40,0.9,1.9,44.9,5.8,15.1,38.8
1998,Toronto Raptors,0.6,1.5,41.3,0.5,1.3,38.6,3.6,10.8,33.2
1998,Utah Jazz,0.2,0.6,30.8,0.4,1,43.9,2.5,6.7,37.1
1998,Memphis Grizzlies,0.6,1.3,47.1,0.7,1.5,44.2,2.9,8.4,34.1
1998,Washington Wizards,0.4,1.3,34.1,0.7,1.8,38.1,2.9,8.7,33.3
1997,Atlanta Hawks,1,2.4,39.4,0.6,1.5,41.4,3.4,9.7,34.9
1997,Boston Celtics,0.7,1.5,46,0.9,2.1,40.7,2.1,7.1,29.8
1997,Charlotte Hornets,0.9,1.4,64.5,0.8,1.3,58.5,2.2,5.5,39.5
1997,Chicago Bulls,0.4,1,39.1,0.6,1.5,42.7,2.2,6.5,33
1997,Cleveland Cavaliers,0.5,1.2,41.7,0.5,1.6,33.3,1.3,3.9,34.5
1997,Dallas Mavericks,0.6,1.6,35.3,0.5,1.4,38.3,1.5,5,30.7
1997,Denver Nuggets,0.7,2,36.1,0.3,1.1,29.9,3.1,8.4,36.5
1997,Detroit Pistons,0.8,2.2,38.3,0.8,2.2,35.4,3.4,8.7,39.2
1997,Golden State Warriors,0.4,1,36.5,0.5,1.1,42.9,1.7,5.6,30.7
1997,Houston Rockets,1,2.4,40.9,0.5,1.3,40.8,2.4,6.6,36
1997,Indiana Pacers,0.4,1.2,34.9,0.3,0.8,31.5,1.9,5.5,35
1997,Los Angeles Clippers,0.5,1.3,35.2,0.6,0.9,62.3,2,6.5,30.5
1997,Los Angeles Lakers,0.7,1.5,45.8,0.5,1.1,45.8,3.2,9,35.2
1997,Miami Heat,0.9,2.2,39.2,1,2.4,42.4,2.5,6.8,36.2
1997,Milwaukee Bucks,0.3,0.7,41.5,0.4,0.9,40.6,2.2,6.5,34.4
1997,Minnesota Timberwolves,0.5,1.2,40.7,0.4,1,37.7,1.6,4.7,33.7
1997,Brooklyn Nets,0.6,1.5,44.1,0.3,1.1,29.4,2.5,7.5,33.7
1997,New York Knicks,0.4,1.2,31.3,0.7,1.5,45.5,1.9,5.6,33
1997,Orlando Magic,0.9,1.9,46.9,0.7,1.5,45.1,1.9,6.4,29.1
1997,Philadelphia 76ers,0.6,1.2,53,0.5,1.3,39.7,2.9,9.9,28.8
1997,Phoenix Suns,0.7,1.9,35.7,0.6,1.5,40.8,1.3,3.8,33.1
1997,Portland Trail Blazers,0.3,0.7,38.6,0.3,0.8,33.3,1.5,5.2,29.2
1997,Sacramento Kings,0.7,1.3,51.8,0.6,1.3,43.8,1,3.5,30.2
1997,San Antonio Spurs,0.5,1.5,32.1,0.5,1.1,42.4,1.4,4.8,28.7
1997,Oklahoma City Thunder,0.7,1.9,36.7,0.6,1.5,36.4,2.1,5.6,38.1
1997,Toronto Raptors,0.5,1.6,31.9,0.5,1.6,31.3,1.9,5.7,34
1997,Utah Jazz,0.3,0.7,48.9,0.4,0.9,40.6,1.2,3.8,30.7
1997,Memphis Grizzlies,0.4,1.3,28,0.6,1.6,39.1,1.9,5.9,32.8
1997,Washington Wizards,0.3,1.2,24.4,0.7,1.8,39.1,2,5.8,34.1